﻿Designator,Footprint,Quantity,Value,LCSC Part #
"C1, C2",CP_Radial_D6.3mm_P2.50mm,2,100u,
"C10, C7, C8, C9",C_Disc_D3.0mm_W2.0mm_P2.50mm,4,100n,
C12,C_Disc_D3.0mm_W2.0mm_P2.50mm,1,470n,
C3,C_Disc_D3.0mm_W2.0mm_P2.50mm,1,1n,
C4,C_Disc_D3.0mm_W2.0mm_P2.50mm,1,10n,
C5,CP_Radial_D6.3mm_P2.50mm,1,47u,
"D1, D3, D_ON_OFF1",LED_D5.0mm,3,LED Blue,
D2,D_DO-41_SOD81_P7.62mm_Horizontal,1,8.2V,
"H10, H9",MountingHole_3mm,2,MountingHole,
"J1, J2, J3, J4",PinHeader_2x08_P2.54mm_Vertical,4,Conn_02x08_Counter_Clockwise,
J5,PinHeader_2x04_P2.54mm_Vertical,1,Conn_02x04_Counter_Clockwise,
J6,BarrelJack_Wuerth_6941xx301002,1,Barrel_Jack_Switch,
J8,PinHeader_1x06_P2.54mm_Vertical,1,Conn_01x06,
J9,PinHeader_2x04_P2.54mm_Vertical,1,Conn_02x04_Odd_Even,
JP1,SolderJumper-2_P1.3mm_Bridged_Pad1.0x1.5mm,1,Jumper_2_Open,
"J_EXT_CUTOFF1, J_GATE1, J_HEADPHONES1, J_MIDI_IN1, J_PITCH1, J_VCO2_PITCH1",CUI_SJ1-3554NG,6,SJ1-3554NG,
J_FILTER_CONN1,PinHeader_2x08_P2.54mm_Vertical,1,Conn_02x08_Odd_Even,
"J_MAIN_POWER1, J_POWER1",PinHeader_2x05_P2.54mm_Vertical,2,Conn_02x05_Odd_Even,
"Q1, Q2",TO-92L_Inline_Wide,2,2N3904,
R1,R_Axial_DIN0207_L6.3mm_D2.5mm_P7.62mm_Horizontal,1,1k,
"R10, R26, R30, R38, R40, R49, R9",R_Axial_DIN0207_L6.3mm_D2.5mm_P7.62mm_Horizontal,7,100k,
"R11, R12, R13, R19, R20, R21, R22, R25, R31, R32, R33",R_Axial_DIN0207_L6.3mm_D2.5mm_P7.62mm_Horizontal,11,100k (1%),
"R14, R15, R16, R17, R3, R4, R5, R6, R7",R_Axial_DIN0207_L6.3mm_D2.5mm_P7.62mm_Horizontal,9,10k (0.1%),
"R18, R23, R24, R39",R_Axial_DIN0207_L6.3mm_D2.5mm_P7.62mm_Horizontal,4,82k,
"R2, R44, R45",R_Axial_DIN0207_L6.3mm_D2.5mm_P7.62mm_Horizontal,3,200k,
"R27, R28, R35, R36, R43, R50, R51",R_Axial_DIN0207_L6.3mm_D2.5mm_P7.62mm_Horizontal,7,10k,
R29,R_Axial_DIN0207_L6.3mm_D2.5mm_P7.62mm_Horizontal,1,330k,
R34,R_Axial_DIN0207_L6.3mm_D2.5mm_P7.62mm_Horizontal,1,2k,
"R37, R41",R_Axial_DIN0207_L6.3mm_D2.5mm_P7.62mm_Horizontal,2,20k,
R42,R_Axial_DIN0207_L6.3mm_D2.5mm_P7.62mm_Horizontal,1,4.7k,
"R46, R47",R_Axial_DIN0207_L6.3mm_D2.5mm_P7.62mm_Horizontal,2,220,
R48,R_Axial_DIN0207_L6.3mm_D2.5mm_P7.62mm_Horizontal,1,47k,
R8,R_Axial_DIN0207_L6.3mm_D2.5mm_P7.62mm_Horizontal,1,150k,
"RV1, RV2",Potentiometer_Bourns_3006P_Horizontal,2,50k prec.,
"RV_ATTACK_LONG1, RV_DECAY_SHORT1, RV_DIRTY_AMP1, RV_EXT_CUTOFF_GAIN1, RV_GLIDE_AMNT1, RV_NARROW_WIDTH1, RV_PLAYGROUND_HALF1, RV_RELEASE_MIN1, RV_RELEASE_SHORT1, RV_SUSTAIN_LVL1, RV_SYNC_VIBRATO_DAMP1, RV_TRACKING_LVL1, RV_VCA_PLYGND_BIAS1",Potentiometer_Runtron_RM-065_Vertical,13,100k,
RV_ATTACK_SHORT1,Potentiometer_Runtron_RM-065_Vertical,1,10k,
"RV_CUTOFF1, RV_VCO2_TUNER1",Potentiometer_Bourns_Single-PTV09A,2,100k,
RV_FINE_TUNE1,Potentiometer_Bourns_PTD901-2015_Single_Horizontal,1,10k,
"RV_LFO1_AMOUNT1, RV_LFO1_SPEED1, RV_LFO2_AMOUNT1, RV_LFO2_SPEED1, RV_NOISE_VOLUME1, RV_VCO2_VOLUME1",Potentiometer_Bourns_Single-PTV09A,6,A100k,
RV_MAIN_VCO_5V1,Potentiometer_Bourns_3006P_Horizontal,1,10k,
"RV_PWM_LEVEL1, RV_SUSTAIN_MAX1",Potentiometer_Runtron_RM-065_Vertical,2,200k,
RV_RESO_DIRTY1,Potentiometer_Bourns_Dual-PTV112-4,1,50k,
RV_RINGTIME1,Potentiometer_Bourns_Dual-PTV112-4,1,500k,
RV_VOLUME1,Potentiometer_Bourns_Single-PTV09A,1,A10k,
S1,SW_PB400EEQR1BLK,1,PB400EEQR1BLK,
"SW_AUTO_WAH_AB1, SW_GATE_ADSR1, SW_NOISE_SUB1, SW_PLAYGROUND_LVL1, SW_VCO2_OCT_DIR1, SW_VCO2_WAVE1, SW_VIBRATO_AB1",DP3T Korg Style Switch,7,SW_DP3T,
"SW_GLIDE1, SW_HOLD1, SW_RING1, SW_SOFT1, SW_TRACK1, SW_VCO2_OCT_AMNT1, SW_VCO2_ON1",DPDT Korg Style Switch,7,SW_DPDT_x2,
"SW_OCTAVE1, SW_WAVESHAPE1",SW_SR2512F-2x5-rotary,2,SW_Rotary2x5,
SW_PLAYGROUND1,SW_SR2512F-3x4-rotary,1,SW_Rotary3x4,
"U1, U2",DIP-8_W7.62mm_LongPads,2,TL072,
U_5VREF1,TO-92L_Inline_Wide,1,LM336Z5,
U_ADSR_SW_IC1,DIP-16_W7.62mm,1,CD4053B,
